{"RuleTriggered": 0, "Violations": 0, "Details": {"step_num": {"first": 1618608309550241, "last": 1618608576481922}, "job_start": 1618608199.147113, "job_end": 1618608599.647381}, "Datapoints": 104, "RuleParameters": "threshold:20"}